day,1964-66,1997-98,1998-2002 dot-com,2020-22,2023-25,2025-26 current
0,0.0,0.0,0.0,0.0,0.0,0.0
1,0.01,0.18,-0.07,0.03,0.05,0.03
2,0.02,0.21,-0.15,-0.09,0.14,-0.02
3,0.02,0.21,-0.16,-0.08,0.24,0.0
4,0.02,0.19,-0.12,-0.04,0.25,0.04
5,0.03,0.22,-0.05,0.09,0.2,0.09
6,0.03,0.36,-0.14,0.11,0.18,0.14
7,0.04,0.34,-0.18,0.01,0.05,0.16
8,0.04,0.37,-0.21,0.02,-0.05,0.08
9,0.05,0.34,-0.13,0.04,0.02,0.09
10,0.04,0.25,-0.16,0.0,0.0,0.17
11,0.05,0.25,-0.12,0.01,-0.01,0.17
12,0.06,0.19,-0.16,-0.01,-0.06,0.24
13,0.07,0.19,-0.16,-0.04,0.04,0.2
14,0.08,0.22,-0.16,-0.01,0.03,0.21
15,0.08,0.28,-0.1,0.01,0.05,0.18
16,0.09,0.36,-0.04,0.01,0.1,0.12
17,0.09,0.37,0.07,-0.03,0.05,0.09
18,0.08,0.36,0.12,-0.03,0.2,0.14
19,0.08,0.36,0.04,0.05,0.15,0.17
20,0.06,0.28,-0.03,0.08,0.16,0.14
21,0.06,0.32,-0.09,0.05,0.24,0.16
22,0.07,0.29,-0.09,0.1,0.27,0.08
23,0.08,0.31,-0.05,0.07,0.39,0.12
24,0.08,0.31,0.0,0.05,0.24,0.11
25,0.08,0.35,-0.01,0.08,0.28,-0.03
26,0.05,0.31,0.03,0.05,0.21,-0.04
27,0.05,0.32,0.12,0.03,0.19,-0.04
28,0.05,0.35,0.16,0.03,0.28,-0.04
29,0.06,0.37,0.08,0.05,0.35,-0.03
30,0.07,0.27,0.0,0.05,0.38,0.01
31,0.06,0.26,-0.11,0.07,0.4,0.01
32,0.06,0.09,-0.08,0.08,0.47,0.03
33,0.07,0.08,-0.03,0.08,0.49,-0.02
34,0.07,0.09,0.02,0.06,0.45,0.03
35,0.06,0.07,-0.04,0.09,0.53,0.07
36,0.06,0.04,-0.1,0.07,0.53,0.08
37,0.06,0.08,-0.07,0.07,0.38,0.04
38,0.06,0.02,-0.05,0.07,0.42,0.03
39,0.06,0.11,-0.06,0.06,0.44,0.07
40,0.06,0.06,-0.07,0.06,0.39,0.0
41,0.05,0.08,-0.08,0.06,0.31,0.02
42,0.05,0.1,0.01,0.09,0.31,0.0
43,0.05,0.02,0.05,0.17,0.28,-0.02
44,0.05,-0.01,0.09,0.21,0.37,-0.04
45,0.05,-0.01,0.15,0.26,0.46,-0.03
46,0.05,-0.06,0.2,0.28,0.49,0.02
47,0.05,-0.08,0.2,0.28,0.46,-0.04
48,0.03,0.06,0.17,0.23,0.45,-0.09
49,0.02,0.07,0.16,0.28,0.48,-0.16
50,0.02,0.13,0.19,0.24,0.46,-0.21
51,0.02,0.05,0.32,0.23,0.44,-0.18
52,0.02,0.08,0.29,0.23,0.48,-0.22
53,0.02,0.07,0.24,0.25,0.52,-0.25
54,0.02,0.15,0.3,0.23,0.51,-0.2
55,0.02,0.13,0.33,0.18,0.56,-0.21
56,0.03,0.12,0.29,0.18,0.54,-0.22
57,0.03,0.1,0.36,0.17,0.68,-0.2
58,0.03,0.02,0.44,0.2,0.63,-0.15
59,0.02,-0.01,0.58,0.24,0.74,-0.12
60,0.02,-0.11,0.55,0.22,0.75,-0.11
61,0.03,-0.04,0.66,0.25,0.8,-0.14
62,0.02,-0.11,0.61,0.28,0.78,-0.1
63,0.02,-0.18,0.65,0.28,0.78,-0.08
64,0.02,-0.18,0.67,0.32,0.88,-0.06
65,0.02,-0.11,0.6,0.32,1.0,-0.11
66,0.02,-0.07,0.55,0.31,0.92,-0.1
67,0.01,-0.07,0.44,0.28,0.91,-0.14
68,0.01,-0.12,0.46,0.29,0.97,-0.16
69,0.0,-0.12,0.47,0.33,0.85,-0.13
70,0.0,-0.11,0.42,0.43,0.77,-0.08
71,0.01,-0.13,0.41,0.42,0.89,-0.12
72,0.01,-0.15,0.37,0.42,0.82,-0.13
73,0.01,-0.16,0.4,0.47,0.9,-0.12
74,0.01,-0.17,0.37,0.5,1.02,-0.21
75,0.01,-0.17,0.43,0.5,1.1,-0.23
76,0.0,-0.2,0.47,0.51,1.17,-0.21
77,-0.01,-0.18,0.46,0.67,1.12,-0.27
78,-0.02,-0.2,0.43,0.57,1.05,-0.24
79,-0.02,-0.16,0.47,0.58,1.02,-0.26
80,-0.02,-0.17,0.47,0.55,1.14,-0.28
81,-0.02,-0.16,0.54,0.6,1.05,-0.29
82,-0.02,-0.16,0.47,0.67,1.03,-0.25
83,-0.02,-0.16,0.51,0.69,1.07,-0.24
84,-0.02,-0.16,0.53,0.72,1.07,-0.25
85,-0.02,-0.19,0.46,0.68,0.96,-0.27
86,-0.02,-0.18,0.46,0.66,0.86,-0.18
87,-0.01,-0.1,0.39,0.67,0.76,-0.15
88,-0.02,-0.06,0.4,0.77,0.86,-0.15
89,-0.02,-0.07,0.29,0.75,0.77,-0.13
90,0.01,-0.12,0.31,0.75,0.68,-0.16
91,0.02,-0.2,0.32,0.76,0.81,-0.09
92,0.02,-0.28,0.38,0.84,0.8,-0.15
93,0.02,-0.24,0.39,0.87,0.82,-0.15
94,0.02,-0.25,0.44,0.82,0.63,-0.13
95,0.02,-0.21,0.49,0.76,0.72,-0.18
96,0.03,-0.26,0.44,0.75,0.64,-0.15
97,0.04,-0.3,0.42,0.76,0.63,-0.12
98,0.03,-0.3,0.43,0.8,0.61,-0.13
99,0.04,-0.29,0.51,0.86,0.6,-0.14
100,0.03,-0.26,0.52,0.86,0.61,-0.13
101,0.03,-0.27,0.49,0.87,0.66,-0.16
102,0.03,-0.26,0.48,0.82,0.58,-0.2
103,0.03,-0.22,0.53,0.85,0.53,-0.22
104,0.03,-0.27,0.48,0.86,0.46,-0.25
105,0.02,-0.35,0.62,0.8,0.56,-0.26
106,0.02,-0.5,0.64,0.81,0.41,-0.24
107,0.02,-0.53,0.68,0.77,0.47,-0.17
108,0.02,-0.47,0.66,0.8,0.37,-0.17
109,0.02,-0.53,0.78,0.82,0.31,-0.2
110,0.01,-0.62,0.8,0.77,0.33,-0.15
111,0.02,-0.63,0.8,0.77,0.42,-0.12
112,0.02,-0.61,0.85,0.69,0.42,-0.09
113,0.03,-0.57,0.77,0.72,0.39,-0.08
114,0.03,-0.54,0.67,0.74,0.23,-0.13
115,0.02,-0.48,0.88,0.71,0.11,-0.12
116,0.02,-0.45,0.92,0.7,0.1,-0.07
117,0.02,-0.48,0.94,0.7,0.14,-0.08
118,0.02,-0.46,0.86,0.71,0.12,-0.11
119,0.02,-0.32,0.86,0.71,0.05,-0.1
120,0.02,-0.39,0.78,0.76,0.08,-0.14
121,0.02,-0.32,0.76,0.76,0.09,-0.1
122,0.02,-0.33,0.75,0.78,0.08,-0.09
123,0.03,-0.44,0.81,0.78,-0.02,-0.08
124,0.03,-0.49,0.88,0.76,0.03,-0.11
125,0.03,-0.45,0.9,0.74,0.07,-0.12
126,0.04,-0.46,1.04,0.72,0.14,-0.14
127,0.04,-0.45,1.06,0.71,0.1,-0.12
128,0.04,-0.4,1.06,0.73,0.18,-0.08
129,0.05,-0.4,1.08,0.76,0.24,-0.07
130,0.05,-0.37,1.07,0.77,0.2,-0.09
131,0.05,-0.38,1.09,0.82,0.21,-0.08
132,0.05,-0.49,1.13,0.79,0.23,-0.11
133,0.05,-0.5,1.18,0.76,0.17,-0.07
134,0.05,-0.53,1.28,0.77,0.15,-0.08
135,0.05,-0.58,1.24,0.77,0.26,-0.07
136,0.05,-0.53,1.24,0.81,0.29,-0.08
137,0.05,-0.51,1.2,0.76,0.33,-0.11
138,0.04,-0.48,1.05,0.76,0.34,-0.09
139,0.03,-0.44,1.1,0.74,0.3,-0.02
140,0.03,-0.33,1.16,0.69,0.33,0.04
141,0.02,-0.39,1.2,0.71,0.37,0.0
142,0.02,-0.37,1.26,0.74,0.33,0.0
143,0.02,-0.4,1.31,0.71,0.34,-0.02
144,0.02,-0.3,1.28,0.75,0.27,-0.04
145,0.02,-0.25,1.22,0.72,0.25,-0.02
146,0.0,-0.26,1.19,0.76,0.18,0.0
147,0.01,-0.24,1.07,0.69,0.06,-0.02
148,0.01,-0.29,1.11,0.7,0.22,0.0
149,0.01,-0.35,1.08,0.66,0.36,0.03
150,0.01,-0.35,1.14,0.63,0.28,0.02
151,0.03,-0.39,1.18,0.58,0.28,0.03
152,0.02,-0.46,1.11,0.6,0.34,-0.05
153,0.02,-0.44,1.1,0.64,0.36,-0.04
154,0.02,-0.48,1.0,0.64,0.36,-0.04
155,0.02,-0.46,0.97,0.7,0.5,-0.1
156,0.02,-0.44,1.0,0.65,0.46,-0.08
157,0.02,-0.44,0.98,0.58,0.43,-0.17
158,0.03,-0.45,0.94,0.63,0.49,-0.22
159,0.04,-0.45,0.92,0.61,0.46,-0.21
160,0.04,-0.44,0.91,0.63,0.51,-0.17
161,0.03,-0.38,0.92,0.62,0.52,-0.18
162,0.02,-0.34,1.04,0.67,0.45,-0.18
163,0.02,-0.34,1.1,0.62,0.47,-0.23
164,0.02,-0.3,1.12,0.62,0.5,-0.22
165,0.02,-0.35,1.08,0.58,0.46,-0.21
166,0.01,-0.4,1.07,0.61,0.44,-0.24
167,0.0,-0.46,1.14,0.57,0.38,-0.29
168,-0.01,-0.55,1.18,0.5,0.41,-0.21
169,-0.01,-0.51,1.18,0.46,0.32,-0.2
170,-0.02,-0.49,1.21,0.43,0.3,-0.17
171,-0.02,-0.44,1.22,0.5,0.28,-0.13
172,-0.02,-0.43,1.14,0.51,0.28,-0.11
173,-0.02,-0.36,1.28,0.55,0.29,-0.14
174,-0.02,-0.39,1.39,0.5,0.35,-0.11
175,-0.03,-0.42,1.42,0.44,0.38,-0.05
176,-0.05,-0.43,1.31,0.44,0.48,0.01
177,-0.04,-0.43,1.34,0.32,0.5,0.02
178,-0.04,-0.37,1.24,0.36,0.53,-0.03
179,-0.03,-0.34,1.24,0.43,0.49,-0.06
180,-0.03,-0.34,1.15,0.4,0.46,0.0
181,-0.04,-0.33,1.14,0.43,0.46,-0.01
182,-0.04,-0.35,1.16,0.42,0.41,0.13
183,0.01,-0.22,1.14,0.38,0.44,0.08
184,0.01,-0.22,1.15,0.39,0.43,0.13
185,0.02,-0.21,1.11,0.41,0.39,0.07
186,0.02,-0.34,0.99,0.37,0.39,0.16
187,0.03,-0.35,1.01,0.33,0.52,0.18
188,0.03,-0.35,1.11,0.32,0.55,0.09
189,0.02,-0.32,1.21,0.32,0.55,0.04
190,0.01,-0.35,1.24,0.36,0.5,0.07
191,0.01,-0.35,1.25,0.44,0.58,0.05
192,0.0,-0.31,1.29,0.46,0.61,0.09
193,-0.01,-0.23,1.15,0.49,0.55,0.08
194,-0.01,-0.32,1.21,0.48,0.74,0.07
195,-0.02,-0.38,1.19,0.49,0.75,0.03
196,-0.02,-0.35,1.23,0.42,0.69,0.03
197,-0.01,-0.34,1.15,0.39,0.82,0.05
198,0.0,-0.38,1.18,0.39,0.86,0.04
199,0.01,-0.37,1.22,0.4,0.78,0.0
200,0.01,-0.41,1.2,0.37,0.83,0.03
201,0.02,-0.37,1.16,0.39,0.81,0.06
202,0.01,-0.38,1.13,0.38,0.81,0.0
203,0.01,-0.43,1.17,0.42,0.8,0.0
204,0.02,-0.46,1.2,0.48,0.84,0.04
205,0.02,-0.44,1.18,0.47,0.89,0.04
206,0.02,-0.46,1.13,0.44,0.86,0.08
207,0.02,-0.49,1.01,0.42,0.82,0.05
208,0.03,-0.46,1.09,0.43,0.88,0.09
209,0.04,-0.45,1.15,0.44,0.82,0.1
210,0.03,-0.43,1.23,0.42,0.77,0.16
211,0.03,-0.44,1.16,0.46,0.69,0.14
212,0.03,-0.44,1.26,0.51,0.68,0.13
213,0.03,-0.43,1.21,0.48,0.66,0.19
214,0.03,-0.51,1.28,0.43,0.67,0.17
215,0.03,-0.58,1.3,0.48,0.64,0.1
216,0.02,-0.59,1.31,0.46,0.69,0.15
217,0.02,-0.64,1.3,0.41,0.67,0.12
218,0.02,-0.57,1.33,0.44,0.64,0.16
219,0.02,-0.48,1.38,0.47,0.55,0.2
220,0.02,-0.52,1.43,0.5,0.57,0.2
221,0.01,-0.55,1.35,0.44,0.61,0.21
222,0.01,-0.56,1.38,0.46,0.63,0.33
223,0.0,-0.57,1.44,0.45,0.6,0.35
224,0.0,-0.56,1.45,0.54,0.62,0.41
225,0.01,-0.56,1.46,0.6,0.66,0.31
226,0.02,-0.56,1.47,0.61,0.65,0.31
227,0.02,-0.55,1.48,0.67,0.73,0.3
228,0.02,-0.58,1.5,0.68,0.8,0.24
229,0.02,,1.45,0.65,0.74,0.22
230,0.03,,1.38,0.61,0.7,0.19
231,0.03,,1.28,0.62,0.6,0.19
232,0.03,,1.32,0.67,0.52,0.21
233,0.04,,1.3,0.66,0.48,0.2
234,0.05,,1.27,0.71,0.47,0.23
235,0.04,,1.21,0.74,0.62,0.21
236,0.04,,1.18,0.72,0.66,0.29
237,0.04,,1.21,0.69,0.58,0.3
238,0.04,,1.23,0.65,0.5,0.27
239,0.05,,1.26,0.72,0.43,0.29
240,0.04,,1.19,0.72,0.39,0.19
241,0.04,,1.2,0.78,0.47,0.22
242,0.04,,1.23,0.78,0.41,0.21
243,0.05,,1.3,0.81,0.44,0.17
244,0.04,,1.32,0.79,0.44,0.23
245,0.05,,1.33,0.77,0.44,0.2
246,0.04,,1.35,0.76,0.42,0.25
247,0.05,,1.34,0.67,0.51,0.24
248,0.05,,1.35,0.7,0.48,0.15
249,0.07,,1.38,0.68,0.55,0.14
250,0.06,,1.47,0.71,0.67,0.12
251,0.05,,1.44,0.69,0.62,0.12
252,0.06,,1.47,0.73,0.55,0.18
253,0.06,,1.5,0.66,0.47,0.22
254,0.06,,1.43,0.58,0.47,0.23
255,0.06,,1.42,0.64,0.49,0.22
256,0.05,,1.37,0.59,0.47,0.29
257,0.05,,1.41,0.69,0.39,0.3
258,0.04,,1.4,0.71,0.37,0.28
259,0.04,,1.34,0.76,0.42,0.3
260,0.03,,1.37,0.76,0.36,0.36
261,0.03,,1.48,0.73,0.35,0.32
262,0.03,,1.51,0.72,0.39,0.29
263,0.02,,1.57,0.67,0.44,0.31
264,0.02,,1.56,0.76,0.45,0.29
265,0.01,,1.62,0.8,0.44,0.34
266,0.02,,1.64,0.77,0.47,0.37
267,0.03,,1.65,0.61,0.46,0.41
268,0.03,,1.67,0.65,0.39,0.45
269,0.03,,1.66,0.56,0.36,
270,0.03,,1.69,0.56,0.34,
271,0.03,,1.66,0.57,0.28,
272,0.03,,1.65,0.48,0.18,
273,0.03,,1.71,0.56,-0.01,
274,0.03,,1.84,0.61,-0.03,
275,0.03,,1.75,0.65,0.09,
276,0.02,,1.88,0.62,0.15,
277,0.03,,1.83,0.61,0.18,
278,0.03,,1.78,0.55,0.13,
279,0.03,,1.83,0.57,0.09,
280,0.02,,1.93,0.6,0.04,
281,0.03,,1.98,0.57,0.02,
282,0.04,,1.89,0.54,0.11,
283,0.04,,1.95,0.56,0.08,
284,0.04,,2.01,0.61,0.05,
285,0.04,,1.99,0.59,0.01,
286,0.04,,2.05,0.63,-0.02,
287,0.04,,2.05,0.61,0.05,
288,0.04,,1.95,0.62,0.0,
289,0.04,,1.96,0.68,0.01,
290,0.04,,1.95,0.65,0.02,
291,0.04,,1.94,0.65,0.03,
292,0.04,,1.92,0.76,0.06,
293,0.03,,1.94,0.79,0.1,
294,0.03,,1.88,0.84,0.03,
295,0.03,,1.86,0.86,-0.04,
296,0.03,,1.75,0.89,-0.08,
297,0.03,,1.79,0.91,-0.09,
298,0.03,,1.9,0.88,-0.11,
299,0.03,,1.85,0.87,-0.16,
300,0.04,,1.82,0.83,-0.16,
301,0.04,,1.93,0.91,-0.13,
302,0.04,,1.89,1.0,-0.15,
303,0.05,,1.82,0.96,-0.18,
304,0.05,,1.82,0.96,-0.16,
305,0.05,,1.82,0.88,-0.11,
306,0.05,,1.84,0.88,-0.08,
307,0.05,,1.75,0.91,-0.08,
308,0.05,,1.62,0.98,-0.06,
309,0.05,,1.7,0.94,-0.07,
310,0.05,,1.62,0.91,-0.02,
311,0.06,,1.62,0.92,-0.02,
312,0.06,,1.63,0.94,-0.06,
313,0.06,,1.68,0.91,0.0,
314,0.06,,1.65,0.95,-0.07,
315,0.06,,1.66,1.06,-0.02,
316,0.06,,1.65,1.05,0.04,
317,0.06,,1.68,1.09,0.17,
318,0.06,,1.65,1.07,0.22,
319,0.06,,1.64,1.16,0.23,
320,0.06,,1.61,1.05,0.25,
321,0.04,,1.65,1.11,0.28,
322,0.04,,1.62,1.18,0.27,
323,0.04,,1.57,1.16,0.22,
324,0.04,,1.55,1.1,0.21,
325,0.04,,1.52,1.05,0.28,
326,0.03,,1.46,1.07,0.27,
327,0.03,,1.44,1.12,0.38,
328,0.03,,1.39,1.09,0.39,
329,0.02,,1.39,1.1,0.43,
330,0.02,,1.34,0.96,0.4,
331,0.02,,1.46,0.85,0.44,
332,0.03,,1.47,0.99,0.47,
333,0.03,,1.43,0.99,0.47,
334,0.03,,1.44,0.87,0.48,
335,0.04,,1.32,0.91,0.47,
336,0.04,,1.29,0.99,0.56,
337,0.04,,1.26,1.07,0.5,
338,0.03,,1.16,1.11,0.45,
339,0.04,,1.16,1.13,0.61,
340,0.04,,1.19,1.27,0.5,
341,0.04,,1.12,1.28,0.49,
342,0.04,,1.06,1.32,0.62,
343,0.03,,1.15,1.33,0.63,
344,0.03,,1.23,1.27,0.62,
345,0.03,,1.2,1.45,0.62,
346,0.03,,1.11,1.51,0.61,
347,0.03,,1.27,1.45,0.58,
348,0.03,,1.31,1.47,0.6,
349,0.03,,1.25,1.61,0.62,
350,0.03,,1.25,1.59,0.6,
351,0.03,,1.26,1.54,0.46,
352,0.03,,1.4,1.48,0.49,
353,0.04,,1.4,1.45,0.44,
354,0.05,,1.49,1.52,0.37,
355,0.05,,1.49,1.55,0.38,
356,0.05,,1.55,1.67,0.42,
357,0.06,,1.58,1.74,0.38,
358,0.06,,1.66,1.79,0.36,
359,0.07,,1.72,1.85,0.34,
360,0.07,,1.77,1.92,0.39,
361,0.07,,1.83,1.85,0.41,
362,0.08,,1.79,1.83,0.45,
363,0.08,,1.73,1.96,0.51,
364,0.08,,1.69,1.98,0.59,
365,0.09,,1.77,2.06,0.58,
366,0.1,,1.73,1.98,0.59,
367,0.09,,1.69,2.03,0.69,
368,0.09,,1.74,2.03,0.76,
369,0.09,,1.82,1.94,0.71,
370,0.09,,1.77,1.9,0.78,
371,0.1,,1.7,1.95,0.78,
372,0.09,,1.71,1.98,0.77,
373,0.1,,1.73,2.02,0.81,
374,0.1,,1.65,2.12,0.74,
375,0.1,,1.59,2.1,0.77,
376,0.1,,1.64,2.06,0.76,
377,0.11,,1.55,2.18,0.79,
378,0.11,,1.46,2.25,0.81,
379,0.1,,1.41,2.18,0.86,
380,0.1,,1.38,2.12,0.86,
381,0.1,,1.4,2.04,0.87,
382,0.1,,1.39,1.97,0.96,
383,0.11,,1.39,2.06,0.98,
384,0.11,,1.39,2.01,0.97,
385,0.11,,1.35,2.11,0.85,
386,0.11,,1.37,2.02,0.8,
387,0.1,,1.32,1.97,0.8,
388,0.1,,1.31,1.91,0.76,
389,0.1,,1.25,1.99,0.79,
390,0.11,,1.26,1.89,0.84,
391,0.12,,1.29,1.88,0.82,
392,0.13,,1.37,1.88,0.72,
393,0.14,,1.38,1.87,0.74,
394,0.14,,1.45,1.98,0.74,
395,0.16,,1.37,2.07,0.71,
396,0.19,,1.36,2.05,0.77,
397,0.18,,1.37,2.09,0.73,
398,0.19,,1.3,2.17,0.71,
399,0.18,,1.29,2.11,0.62,
400,0.16,,1.26,2.16,0.64,
401,0.15,,1.25,2.17,0.68,
402,0.14,,1.31,2.28,0.7,
403,0.15,,1.27,2.56,0.73,
404,0.14,,1.3,2.62,0.81,
405,0.13,,1.32,2.46,0.71,
406,0.14,,1.35,2.41,0.66,
407,0.17,,1.27,2.38,0.74,
408,0.17,,1.36,2.44,0.72,
409,0.18,,1.43,2.29,0.69,
410,0.19,,1.42,2.22,0.61,
411,0.2,,1.42,2.26,0.59,
412,0.19,,1.27,2.33,0.49,
413,0.21,,1.27,2.33,0.44,
414,0.21,,1.3,2.23,0.48,
415,0.22,,1.3,2.11,0.43,
416,0.23,,1.3,2.01,0.35,
417,0.24,,1.28,1.95,0.41,
418,0.26,,1.3,2.06,0.47,
419,0.26,,1.3,2.14,0.48,
420,0.26,,1.26,2.22,0.51,
421,0.26,,1.24,2.12,0.41,
422,0.28,,1.21,2.09,0.47,
423,0.3,,1.17,2.04,0.51,
424,0.29,,1.23,2.09,0.46,
425,0.27,,1.19,2.06,0.5,
426,0.28,,1.07,2.09,0.5,
427,0.27,,1.02,2.14,0.48,
428,0.28,,1.05,2.17,0.44,
429,0.28,,1.04,2.04,0.43,
430,0.29,,1.07,1.9,0.44,
431,0.28,,1.09,1.94,0.53,
432,0.28,,1.07,1.94,0.5,
433,0.28,,1.04,1.91,0.54,
434,0.28,,1.05,1.81,0.57,
435,0.29,,1.04,1.8,0.46,
436,0.31,,0.99,1.73,0.42,
437,0.35,,0.99,1.88,0.36,
438,0.35,,0.99,1.86,0.39,
439,0.35,,1.04,1.81,0.25,
440,0.44,,1.07,1.96,0.2,
441,0.42,,1.07,1.9,0.34,
442,0.43,,0.99,1.93,0.45,
443,0.43,,0.94,1.91,,
444,0.43,,0.95,2.0,,
445,0.48,,0.98,1.97,,
446,0.5,,1.02,1.92,,
447,0.5,,0.99,1.95,,
448,0.49,,1.03,2.02,,
449,0.48,,1.04,2.01,,
450,0.44,,1.0,2.11,,
451,0.47,,1.05,2.16,,
452,0.48,,1.1,2.18,,
453,0.48,,1.14,2.24,,
454,0.45,,1.12,2.16,,
455,0.44,,1.17,2.17,,
456,0.45,,1.14,2.25,,
457,0.46,,1.11,2.24,,
458,0.48,,1.1,2.28,,
459,0.46,,1.07,2.39,,
460,0.48,,1.09,2.33,,
461,0.46,,1.08,2.46,,
462,0.43,,1.06,2.4,,
463,0.43,,1.09,2.42,,
464,0.44,,1.13,2.46,,
465,0.43,,1.16,2.5,,
466,0.39,,1.13,2.55,,
467,0.41,,1.08,2.54,,
468,0.42,,1.06,2.58,,
469,0.44,,1.03,2.58,,
470,0.44,,0.99,2.62,,
471,0.44,,0.99,2.7,,
472,0.43,,1.0,2.64,,
473,0.42,,0.94,2.83,,
474,0.43,,0.92,2.82,,
475,0.44,,0.92,3.01,,
476,0.44,,0.9,3.1,,
477,0.46,,0.85,2.85,,
478,0.48,,0.89,2.89,,
479,0.52,,0.93,2.96,,
480,0.52,,0.95,,,
481,0.53,,0.98,,,
482,0.53,,1.0,,,
483,0.54,,1.03,,,
484,0.56,,1.0,,,
485,0.55,,1.0,,,
486,0.57,,1.09,,,
487,0.61,,1.13,,,
488,0.69,,1.13,,,
489,0.7,,1.13,,,
490,0.71,,1.08,,,
491,0.72,,1.08,,,
492,0.71,,1.03,,,
493,0.73,,1.02,,,
494,0.75,,0.98,,,
495,0.75,,0.94,,,
496,0.76,,0.97,,,
497,0.8,,0.94,,,
498,0.85,,0.93,,,
499,0.84,,0.88,,,
500,0.83,,0.89,,,
501,0.83,,0.9,,,
502,0.81,,0.85,,,
503,0.79,,0.81,,,
504,0.76,,0.74,,,
505,0.76,,0.78,,,
506,0.78,,0.79,,,
507,0.79,,0.69,,,
508,0.77,,0.58,,,
509,0.74,,0.58,,,
510,0.73,,0.61,,,
511,0.69,,0.63,,,
512,0.67,,0.62,,,
513,0.64,,0.55,,,
514,0.61,,0.49,,,
515,0.56,,0.46,,,
516,0.59,,0.43,,,
517,0.65,,0.45,,,
518,0.64,,0.34,,,
519,0.63,,0.29,,,
520,0.53,,0.28,,,
521,0.54,,0.3,,,
522,0.53,,0.37,,,
523,0.52,,0.39,,,
524,0.49,,0.38,,,
525,0.54,,0.18,,,
526,0.56,,0.4,,,
527,0.56,,0.29,,,
528,0.56,,0.19,,,
529,0.57,,0.2,,,
530,0.59,,0.24,,,
531,0.6,,0.36,,,
532,0.59,,0.4,,,
533,0.59,,0.51,,,
534,0.63,,0.5,,,
535,0.6,,0.45,,,
536,0.6,,0.38,,,
537,0.61,,0.45,,,
538,0.62,,0.51,,,
539,0.61,,0.56,,,
540,0.61,,0.59,,,
541,0.62,,0.55,,,
542,0.63,,0.55,,,
543,0.64,,0.58,,,
544,0.64,,0.5,,,
545,0.64,,0.45,,,
546,0.62,,0.36,,,
547,0.58,,0.43,,,
548,0.58,,0.44,,,
549,0.6,,0.48,,,
550,0.6,,0.36,,,
551,0.6,,0.36,,,
552,0.6,,0.29,,,
553,0.58,,0.31,,,
554,0.58,,0.33,,,
555,0.58,,0.39,,,
556,0.58,,0.45,,,
557,0.6,,0.37,,,
558,0.62,,0.37,,,
559,0.61,,0.4,,,
560,0.63,,0.41,,,
561,0.64,,0.36,,,
562,0.63,,0.31,,,
563,0.62,,0.22,,,
564,0.6,,0.18,,,
565,0.61,,0.13,,,
566,0.62,,0.21,,,
567,0.64,,0.24,,,
568,0.66,,0.25,,,
569,0.66,,0.18,,,
570,0.66,,0.15,,,
571,0.66,,0.21,,,
572,0.66,,0.18,,,
573,0.62,,0.21,,,
574,0.64,,0.1,,,
575,0.63,,0.07,,,
576,0.59,,0.04,,,
577,0.58,,0.08,,,
578,0.59,,0.04,,,
579,0.6,,0.03,,,
580,0.63,,-0.01,,,
581,0.66,,0.06,,,
582,0.72,,0.11,,,
583,0.73,,0.26,,,
584,0.8,,0.23,,,
585,0.82,,0.24,,,
586,0.79,,0.19,,,
587,0.78,,0.24,,,
588,0.78,,0.2,,,
589,0.8,,0.2,,,
590,0.86,,0.24,,,
591,0.88,,0.15,,,
592,0.9,,0.19,,,
593,0.93,,0.35,,,
594,0.92,,0.38,,,
595,0.87,,0.43,,,
596,0.86,,0.54,,,
597,0.85,,0.47,,,
598,0.87,,0.4,,,
599,0.85,,0.53,,,
600,0.82,,0.55,,,
601,0.82,,0.46,,,
602,0.82,,0.48,,,
603,0.86,,0.54,,,
604,0.88,,0.46,,,
605,0.88,,0.6,,,
606,0.87,,0.61,,,
607,0.89,,0.56,,,
608,0.9,,0.57,,,
609,0.9,,0.48,,,
610,0.91,,0.47,,,
611,0.93,,0.47,,,
612,0.93,,0.5,,,
613,0.94,,0.46,,,
614,0.94,,0.57,,,
615,0.98,,0.77,,,
616,1.01,,0.72,,,
617,1.07,,0.76,,,
618,1.12,,0.74,,,
619,1.14,,0.72,,,
620,1.12,,0.67,,,
621,1.16,,0.67,,,
622,1.19,,0.68,,,
623,1.22,,0.67,,,
624,1.31,,0.78,,,
625,1.34,,0.78,,,
626,1.31,,0.8,,,
627,1.19,,0.8,,,
628,1.13,,0.69,,,
629,1.06,,0.65,,,
630,1.02,,0.61,,,
631,1.03,,0.55,,,
632,1.01,,0.53,,,
633,1.0,,0.59,,,
634,1.01,,0.64,,,
635,0.99,,0.58,,,
636,1.04,,0.53,,,
637,1.08,,0.54,,,
638,1.07,,0.52,,,
639,1.15,,0.53,,,
640,1.1,,0.53,,,
641,1.04,,0.52,,,
642,0.98,,0.5,,,
643,1.0,,0.48,,,
644,1.0,,0.4,,,
645,0.96,,0.42,,,
646,0.92,,0.5,,,
647,0.82,,0.52,,,
648,0.85,,0.61,,,
649,,,0.68,,,
650,,,0.63,,,
651,,,0.67,,,
652,,,0.7,,,
653,,,0.67,,,
654,,,0.63,,,
655,,,0.58,,,
656,,,0.57,,,
657,,,0.53,,,
658,,,0.53,,,
659,,,0.47,,,
660,,,0.48,,,
661,,,0.38,,,
662,,,0.39,,,
663,,,0.41,,,
664,,,0.39,,,
665,,,0.39,,,
666,,,0.46,,,
667,,,0.45,,,
668,,,0.39,,,
669,,,0.37,,,
670,,,0.33,,,
671,,,0.37,,,
672,,,0.43,,,
673,,,0.46,,,
674,,,0.45,,,
675,,,0.46,,,
676,,,0.25,,,
677,,,0.3,,,
678,,,0.25,,,
679,,,0.23,,,
680,,,0.23,,,
681,,,0.26,,,
682,,,0.21,,,
683,,,0.1,,,
684,,,0.17,,,
685,,,0.13,,,
686,,,0.17,,,
687,,,0.15,,,
688,,,0.19,,,
689,,,0.2,,,
690,,,0.11,,,
691,,,0.04,,,
692,,,0.05,,,
693,,,0.11,,,
694,,,0.25,,,
695,,,0.23,,,
696,,,0.12,,,
697,,,0.06,,,
698,,,0.1,,,
699,,,-0.1,,,
700,,,-0.17,,,
701,,,-0.11,,,
702,,,-0.02,,,
703,,,-0.05,,,
704,,,0.01,,,
705,,,-0.04,,,
706,,,-0.01,,,
707,,,-0.02,,,
708,,,-0.09,,,
709,,,-0.16,,,
710,,,-0.14,,,
711,,,-0.19,,,
712,,,-0.21,,,
713,,,-0.24,,,
714,,,-0.21,,,
715,,,-0.22,,,
716,,,-0.12,,,
717,,,-0.13,,,
718,,,-0.05,,,
719,,,-0.06,,,
720,,,-0.12,,,
721,,,-0.15,,,
722,,,-0.15,,,
723,,,-0.16,,,
724,,,-0.11,,,
725,,,-0.11,,,
726,,,-0.08,,,
727,,,-0.13,,,
728,,,-0.18,,,
729,,,-0.21,,,
730,,,-0.24,,,
731,,,-0.3,,,
732,,,-0.44,,,
733,,,-0.5,,,
734,,,-0.37,,,
735,,,-0.43,,,
736,,,-0.44,,,
737,,,-0.52,,,
738,,,-0.42,,,
739,,,-0.4,,,
740,,,-0.33,,,
741,,,-0.2,,,
742,,,0.05,,,
743,,,0.17,,,
744,,,0.06,,,
745,,,0.14,,,
746,,,0.24,,,
747,,,0.3,,,
748,,,0.31,,,
749,,,0.24,,,
750,,,0.24,,,
751,,,0.05,,,
752,,,0.04,,,
753,,,0.01,,,
754,,,-0.04,,,
755,,,0.18,,,
756,,,0.3,,,
757,,,0.46,,,
758,,,0.43,,,
759,,,0.39,,,
760,,,0.28,,,
761,,,0.39,,,
762,,,0.5,,,
763,,,0.52,,,
764,,,0.42,,,
765,,,0.34,,,
766,,,0.34,,,
767,,,0.38,,,
768,,,0.44,,,
769,,,0.48,,,
770,,,0.39,,,
771,,,0.41,,,
772,,,0.33,,,
773,,,0.46,,,
774,,,0.42,,,
775,,,0.44,,,
776,,,0.35,,,
777,,,0.36,,,
778,,,0.36,,,
779,,,0.26,,,
780,,,0.18,,,
781,,,0.17,,,
782,,,0.14,,,
783,,,0.14,,,
784,,,0.24,,,
785,,,0.2,,,
786,,,0.22,,,
787,,,0.31,,,
788,,,0.33,,,
789,,,0.36,,,
790,,,0.38,,,
791,,,0.28,,,
792,,,0.28,,,
793,,,0.33,,,
794,,,0.28,,,
795,,,0.2,,,
796,,,0.18,,,
797,,,0.18,,,
798,,,0.19,,,
799,,,0.16,,,
800,,,0.17,,,
801,,,0.23,,,
802,,,0.27,,,
803,,,0.21,,,
804,,,0.12,,,
805,,,0.14,,,
806,,,0.14,,,
807,,,0.14,,,
808,,,0.1,,,
809,,,0.12,,,
810,,,0.19,,,
811,,,0.1,,,
812,,,0.14,,,
813,,,0.24,,,
814,,,0.28,,,
815,,,0.28,,,
816,,,0.32,,,
817,,,0.48,,,
818,,,0.59,,,
819,,,0.59,,,
820,,,0.58,,,
821,,,0.54,,,
822,,,0.66,,,
823,,,0.61,,,
824,,,0.58,,,
825,,,0.59,,,
826,,,0.66,,,
827,,,0.65,,,
828,,,0.66,,,
829,,,0.67,,,
830,,,0.61,,,
831,,,0.61,,,
832,,,0.68,,,
833,,,0.7,,,
834,,,0.62,,,
835,,,0.56,,,
836,,,0.54,,,
837,,,0.48,,,
838,,,0.51,,,
839,,,0.48,,,
840,,,0.5,,,
841,,,0.48,,,
842,,,0.44,,,
843,,,0.41,,,
844,,,0.46,,,
845,,,0.5,,,
846,,,0.49,,,
847,,,0.47,,,
848,,,0.45,,,
849,,,0.44,,,
850,,,0.37,,,
851,,,0.36,,,
852,,,0.34,,,
853,,,0.39,,,
854,,,0.37,,,
855,,,0.34,,,
856,,,0.39,,,
857,,,0.34,,,
858,,,0.36,,,
859,,,0.35,,,
860,,,0.5,,,
861,,,0.46,,,
862,,,0.41,,,
863,,,0.49,,,
864,,,0.58,,,
865,,,0.54,,,
866,,,0.46,,,
867,,,0.53,,,
868,,,0.47,,,
869,,,0.44,,,
870,,,0.39,,,
871,,,0.42,,,
872,,,0.42,,,
873,,,0.42,,,
874,,,0.37,,,
875,,,0.32,,,
876,,,0.34,,,
877,,,0.32,,,
878,,,0.3,,,
879,,,0.34,,,
880,,,0.3,,,
881,,,0.36,,,
882,,,0.33,,,
883,,,0.28,,,
884,,,0.24,,,
885,,,0.2,,,
886,,,0.09,,,
887,,,0.15,,,
888,,,0.14,,,
889,,,0.02,,,
890,,,0.11,,,
891,,,0.05,,,
892,,,0.13,,,
893,,,0.14,,,
894,,,0.01,,,
895,,,0.1,,,
896,,,0.12,,,
897,,,0.11,,,
898,,,0.03,,,
899,,,0.04,,,
900,,,0.16,,,
901,,,0.1,,,
902,,,0.04,,,
903,,,-0.08,,,
904,,,-0.08,,,
905,,,-0.11,,,
906,,,-0.08,,,
907,,,0.01,,,
908,,,-0.03,,,
909,,,-0.08,,,
910,,,-0.13,,,
911,,,-0.23,,,
912,,,-0.27,,,
913,,,-0.25,,,
914,,,-0.31,,,
915,,,-0.31,,,
916,,,-0.12,,,
917,,,-0.09,,,
918,,,-0.23,,,
919,,,-0.27,,,
920,,,-0.41,,,
921,,,-0.45,,,
922,,,-0.32,,,
923,,,-0.39,,,
924,,,-0.34,,,
925,,,-0.47,,,
926,,,-0.52,,,
927,,,-0.62,,,
928,,,-0.68,,,
929,,,-0.57,,,
930,,,-0.42,,,
931,,,-0.45,,,
932,,,-0.57,,,
933,,,-0.54,,,
934,,,-0.44,,,
935,,,-0.49,,,
936,,,-0.52,,,
937,,,-0.45,,,
938,,,-0.52,,,
939,,,-0.58,,,
940,,,-0.6,,,
941,,,-0.76,,,
942,,,-0.78,,,
943,,,-0.83,,,
944,,,-0.69,,,
945,,,-0.69,,,
946,,,-0.74,,,
947,,,-0.67,,,
948,,,-0.76,,,
949,,,-0.82,,,
950,,,-0.84,,,
951,,,-0.87,,,
952,,,-0.88,,,
953,,,-0.95,,,
954,,,-0.95,,,
955,,,-1.04,,,
956,,,-1.05,,,
957,,,-0.97,,,
958,,,-0.95,,,
959,,,-1.05,,,
960,,,-1.11,,,
